ID_Conta,ID_Dossie,Numero_Processo,Base_PIS,Tipo_Garantia,Valor_Garantia,Status_Processo,Nome_Cliente_Hash,CPF_Hash,Tribunal,Data_Atualizacao,Status_Tribunal,Classe_Processual,Conciliado
CTA-58044,DOS-50576,40001014320268260103,PIS_TRAB_004,Depósito Judicial,65109.2,PENDENTE,4cd3a8e64b98a68780fd199ee22036bfff4c772ba96ce135873a7f1cd7bb4de3,69608200976c732efddb1e0b2ab89417bd453aa58fc79112a41869dfe0699e44,TJSP,2026-04-28T01:52:34.339000Z,EM_ANDAMENTO,Carta Precatória Cível,True
CTA-77242,DOS-20265,40028247820268260606,PIS_CIVEL_003,Fiança Bancária,278234.53,EM_ANALISE,6ca2e57b4c186b46324cb5b33e370e4d3644219f7b56fb41cd4ce54de3781464,6daa74314a0cb24ee2373d1e14390c550d7fb2473e98a507d27e3ddcf742ffdc,TJSP,2026-04-28T01:52:34.457000Z,EM_ANDAMENTO,Procedimento do Juizado Especial Cível,True
CTA-95937,DOS-67641,40055122920258260224,PIS_REC_002,Fiança Bancária,342362.84,PENDENTE,31b906a3a23d724d702719c1814b1bfd15e12ed02cd8e8755e00cb41c2a89a76,a164d630a94ad830fc5a281210c2282e64fd44bd3486c4a683c12b419f1e3238,TJSP,2026-04-28T01:52:34.681000Z,SUSPENSO,Petição Cível,True
CTA-64007,DOS-73343,00003822420228260486,PIS_REC_002,Seguro Garantia,297720.79,ATIVO,9350b162259e2a106b6e34a68b9cb26207c38b7bf3a9bf9305d0747d36fb5a2c,fb9af5a19b13cc81e25dd6ef7bb05eefcabc0864ee53b411817977b95e581590,TJSP,2026-04-28T01:52:34.738000Z,ARQUIVADO,Cumprimento de sentença,True
CTA-16590,DOS-97252,40031554520268260223,PIS_CIVEL_003,Carta de Fiança,18338.42,ENCERRADO,184cf7bb198b18901e68f792c98da29cb0ae43dfe930ce4ef10b97a58a4d065c,0fbc24f99bdb24debb054978a66794441de997f8fc340ae17b7ce628d00ad2ac,TJSP,2026-04-28T01:52:34.798000Z,ARQUIVADO,Reclamação Pré-processual,True
CTA-81665,DOS-63563,40500305420268260100,PIS_REC_002,Depósito Judicial,72444.96,ATIVO,9714beab8bf69021f31fef5f9277d330f5bb3458e28a240056d2e71257ac3268,012cb9b6a118aa69b2e7560be42b5defec169f50d3b45c951d3394aa6f69af69,TJSP,2026-04-28T01:52:34.846000Z,BAIXADO,Procedimento Comum Cível,True
CTA-74693,DOS-97210,40026826420258260362,PIS_TRAB_004,Fiança Bancária,184187.03,ENCERRADO,fd18160a78607d0990ac00cff1fb7691657667a633e7edb2d9fcfc591c332946,65db04db5a8ba477d5f64dfdd9d9fcdff006570c3367c8a714cd3b3957694e21,TJSP,2026-04-28T01:52:34.927000Z,SUSPENSO,Procedimento do Juizado Especial Cível,True
CTA-45620,DOS-20127,40002505620258260529,PIS_REC_002,Carta de Fiança,68690.4,ATIVO,5ce3140efbef1dd7e521c5549ddec911862c2b515d99b3ba936adb664418ba3b,e7e913481224391ee4afe8cf8c5ea3f38fc53153e0b6e5f97883c24b1e02e6fd,TJSP,2026-04-28T01:52:35.084000Z,ARQUIVADO,Procedimento do Juizado Especial Cível,True
CTA-35447,DOS-54464,40223226620258260002,PIS_REC_001,Fiança Bancária,484885.55,PENDENTE,983708f2b4435c532cdbe327f4b13a36df0919a8f39a7aa9f46489893ff1a151,bbc859c03f7a5b9e105fd46b016ea4361643d13808efc0220e012d4637555023,TJSP,2026-04-28T01:52:35.192000Z,BAIXADO,Monitória,True
CTA-44823,DOS-24677,40060436420268260068,PIS_TRAB_004,Bloqueio Judicial,25669.7,ATIVO,9d14ef78fe3972c341860175600b98d01eacc94084b76c2eaa00b0dbd589024c,47a0f7196329fde4d4f202372f2079957a5339c216e6d31802d3d5ea93dd5ae0,TJSP,2026-04-28T01:52:35.357000Z,EM_ANDAMENTO,Cumprimento de sentença,True
CTA-61159,DOS-81506,40022159220268260510,PIS_CIVEL_003,Fiança Bancária,161526.91,ATIVO,9ba8a39ef909b5107fac4e085c4ec524e540b60b4ae3e0812167d13de0a44333,ddd4ef630adc3e1fe2ab3fabccb0c60af90ebb1fd59e247d6bfea543fbc0a250,TJSP,2026-04-28T01:52:35.485000Z,BAIXADO,Embargos à Execução,True
CTA-10027,DOS-19747,40229640520268260002,PIS_REC_001,Seguro Garantia,277462.22,ENCERRADO,e8c235bfcd2e10505586ffefcd6ee3f6c6aeba98fcdb0ce41e08d399f1ff486d,7b23f16b7946b3e8a3b85b0a6a242cb2696fe74ca6bf303cfda2dbaf449a62b4,TJSP,2026-04-28T01:52:35.617000Z,ARQUIVADO,Procedimento do Juizado Especial Cível,True
CTA-79167,DOS-53928,40500374620268260100,PIS_CIVEL_003,Depósito Judicial,29061.43,EM_ANALISE,3ee2f6d5f3226a5ab91e31bd6766126430a8f5483e74e60ff369c4711f46f821,279375bfb759c027ad64f31f82cb3df25a2c44ef08e75e4fa36bdb2d93dbc281,TJSP,2026-04-28T01:52:35.621000Z,SUSPENSO,Procedimento Comum Cível,True
CTA-13136,DOS-63101,40005138320268260099,PIS_REC_001,Seguro Garantia,35847.43,ENCERRADO,5c34bbcd72f58294d0d23985047823005c60efe83c155879dcddec97123976aa,7b3f7d3ee3e3785d4047743ffbd59d3a551e9345d0791a2345725e218421409d,TJSP,2026-04-28T01:52:35.947000Z,EM_ANDAMENTO,Procedimento Comum Cível,True
CTA-10311,DOS-86922,40229684220268260002,PIS_REC_001,Depósito Judicial,94359.13,EM_ANALISE,4c618fe0eee74b910791117f8b4014c2e21a5c9b6d3d0e731439a958796f1f24,12da83182e68e4115de21d5c534bbdc3b0a28981fbd9929a8cc9c568c3d7b380,TJSP,2026-04-28T01:52:36.057000Z,ARQUIVADO,Procedimento do Juizado Especial Cível,True
CTA-35962,DOS-35799,40008989320258260510,PIS_CIVEL_003,Depósito Judicial,25888.68,PENDENTE,8c8c8424db7cf4cf086bb20a409c8319572a9aaa15499737fbf0f1de43f759ca,5973cd4ab59b4dc5105cc2a16329a6a2268866c94cb54d680268b85b4531aba6,TJSP,2026-04-28T01:52:36.167000Z,BAIXADO,Procedimento do Juizado Especial Cível,True
CTA-35503,DOS-78015,40448300620258260002,PIS_TRAB_004,Bloqueio Judicial,64981.32,ATIVO,3a41bc5bcf7a9b2ca01f0cee27f37b9dc40fcf0b04272ad900dacbba227c1246,4e04c62b8820647e6af8f2560a08b5d982d2cce8ea01f0248f9294863ea3ccc8,TJSP,2026-04-28T01:52:36.172000Z,ARQUIVADO,Procedimento Comum Cível,True
CTA-66300,DOS-70404,40093489420258260002,PIS_REC_001,Bloqueio Judicial,73131.87,EM_ANALISE,af509538213d0e65b2a00877147095c1f56ae8cb33bdf1d6a7d74f75e6173264,cac7aed607a1ec01d9f5ad0015fb2cd55805f488bfd8e3bc1d5936fc9c69ae2d,TJSP,2026-04-28T01:52:36.372000Z,BAIXADO,Procedimento Comum Cível,True
CTA-55156,DOS-84681,40016829620258260663,PIS_CIVEL_003,Fiança Bancária,399304.14,ATIVO,869997dffe3c8bb2bd1b1c2f47463c399b693e31876bc2c51e4e17bd08ec8977,dd44a769276eef628b1ab911bc1b343deeffa05e0d311044ad174cab52ae9061,TJSP,2026-04-28T01:52:36.375000Z,EM_ANDAMENTO,Procedimento do Juizado Especial Cível,True
CTA-94555,DOS-47992,00029279120258260347,PIS_TRAB_004,Carta de Fiança,44003.76,ENCERRADO,aae41d18ebaa8016e67a86f69e2b2c43518bf72b8a86e562cf041367528c3a1a,09e49d72fab7099b0609c92ae1306a8c4425123b484a2d2c1f91a33cf50c476c,TJSP,2026-04-28T01:52:36.409000Z,EM_ANDAMENTO,Cumprimento de sentença,True
CTA-42892,DOS-70822,30049103120258190004,PIS_REC_001,Carta de Fiança,33542.33,EM_ANALISE,4f5c45f0202608bb8fbc769de9670d7122e446d0e733077087baf2986ace9477,47cb788980dff3a45a31ffbe7142a3010b767f464fe3d5ca396032102b9a0b87,TJRJ,2026-05-12T13:08:33.665000Z,EM_ANDAMENTO,Execução Fiscal,True
CTA-11790,DOS-58960,30050169020258190004,PIS_REC_002,Fiança Bancária,332089.66,EM_ANALISE,e130bccc350e934a2ad4df37aaedff118c8441d3f705d4a22092c83788c3c8e0,5f42fbeff23416d376b351dea81b2dcbc00f82d12c743554356fe72f02894109,TJRJ,2026-05-12T13:08:36.403000Z,EM_ANDAMENTO,Execução Fiscal,True
CTA-57524,DOS-13259,30001642320258190004,PIS_REC_001,Bloqueio Judicial,5507.88,ENCERRADO,05851ceff851bb2f9aab922a0fe1b2ebba2dcb0793261d17a3edcf438a568f6b,64b4f6179e584ab5906cfa43fbc53060470c96d0ad846f001efb186c8747a25a,TJRJ,2026-05-12T13:08:42.396000Z,BAIXADO,Execução Fiscal,True
CTA-48072,DOS-36888,30002785920258190004,PIS_TRAB_004,Depósito Judicial,77869.58,EM_ANALISE,b8509f6c792f903647ee0f7abb467f3778a86645726909e80e9bdc72d851f3bf,a5d5abf71db5db734162fbedc2e333647a3cf022f9e5eb7ddc641c358da62fea,TJRJ,2026-05-12T13:08:47.033000Z,BAIXADO,Execução Fiscal,True
CTA-34730,DOS-13232,30006848020258190004,PIS_REC_002,Bloqueio Judicial,57890.72,ENCERRADO,10d6b6932d636563b5eb441d339e484037e224c94f5bda82ea5031a65e877983,73cb37575e81e218961302eee58682de85f0cfa2df4fead69b18cc57185391c7,TJRJ,2026-05-12T13:08:54.661000Z,EM_ANDAMENTO,Execução Fiscal,True
CTA-16262,DOS-69769,30010857920258190004,PIS_REC_001,Fiança Bancária,178214.33,EM_ANALISE,d20a2da2c24b719b8b9de797884aa5ee59d2b991e634b217457aac06be40fb71,eb2233ee7c0c929a2a14b67dea57778788eb07f52a249ca84f2889a0a98c3da1,TJRJ,2026-05-12T13:09:00.815000Z,ARQUIVADO,Execução Fiscal,True
CTA-65098,DOS-29071,30015395920258190004,PIS_REC_001,Carta de Fiança,137954.39,ENCERRADO,b02836e8f1840ac18fbd472e179e8ab21b79d23f5f0471770985bdf2018d938e,92a18d4d08bd43e10de084b595d1c40c413414def37b2cb29979b8691f2c3952,TJRJ,2026-05-12T13:09:45.901000Z,ARQUIVADO,Execução Fiscal,True
CTA-30219,DOS-95054,30016807820258190004,PIS_REC_001,Seguro Garantia,153096.18,ATIVO,942545cc9740bcd4cf796dd8b4530b95676c4f55e8e14783eff7c3491c92b236,34fa61cbc21082f0408a96d7e6ba72e5a1a4fe50e2709e1d3afc928e07d245a5,TJRJ,2026-05-12T13:09:53.093000Z,SUSPENSO,Execução Fiscal,True
CTA-58650,DOS-58281,30032162720258190004,PIS_REC_002,Depósito Judicial,28604.15,ATIVO,e44c185cd275b27104254b30b982a8aad3261f95ace3460c56ff134a885c980c,bd5af9128674c0db3fd16eb9418c1e635f8cde7a028cd73529c0e598691f6b4e,TJRJ,2026-05-12T13:09:57.650000Z,EM_ANDAMENTO,Execução Fiscal,True
CTA-21190,DOS-43078,30066381020258190004,PIS_REC_001,Depósito Judicial,82271.27,PENDENTE,4f9706e5a40067039a158fab6677f53c159d4c6c65c4bdad14fe564f1450bf24,2e683522ea0886e401c809e22c22cc51ace120a7efe3ec19f450371b9fe4ec8a,TJRJ,2026-05-12T13:09:59.724000Z,SUSPENSO,Execução Fiscal,True
CTA-37208,DOS-16992,08192795420258190002,PIS_REC_001,Bloqueio Judicial,4506.14,PENDENTE,61086f1b2e300e986b6f1225a091a34b39c96ff7e2636874d4742ee1a67aec24,b038ed813f9ef2753ade7fc6e25f7ef1b045f1b504327f6637b7fe28ce63e4c4,TJRJ,2026-05-12T13:10:29.968000Z,ARQUIVADO,Procedimento Comum Cível,True
CTA-74882,DOS-58734,30040919420258190004,PIS_CIVEL_003,Carta de Fiança,127185.9,ATIVO,5beedb34f16d184ed2cc9615abf14c7cfdec95be11261144b87ab48190fa0a32,c05c17333c8c29aa641f39710c83dd0ba8da1b8506689a8c7819769c5ad3763d,TJRJ,2026-05-12T13:11:00.872000Z,ARQUIVADO,Execução Fiscal,True
CTA-53926,DOS-75943,30052801020258190004,PIS_CIVEL_003,Depósito Judicial,51029.59,ENCERRADO,bd9d5d5119f2d340db0835328bcc52530056b3467c66476e8a6d918005ee4909,374c281c1a87c6686ceea117fe1d042d1a28f9f8d699820f3e84572ed0237772,TJRJ,2026-05-12T13:11:14.019000Z,EM_ANDAMENTO,Execução Fiscal,True
CTA-61068,DOS-50256,30055876120258190004,PIS_TRAB_004,Carta de Fiança,26811.7,PENDENTE,4c7ac1262ceb87bf244788589a7a74a540f244c0045cef508942107f37e01f5b,2c82ecd69abcbc6038a94a0808b32e3b40164735aecefcc4bf1f42e31ac67cdb,TJRJ,2026-05-12T13:11:25.987000Z,BAIXADO,Execução Fiscal,True
CTA-13206,DOS-49586,30078194620258190004,PIS_TRAB_004,Depósito Judicial,99928.69,ATIVO,f647f598e33d008408ac845374c65acaecc6aa9dc3ae83aaba10768b48bdf9ad,65f16f190f2a99475f095399a31dfc10390efc48096426e5dc8d3c3d9431ff7a,TJRJ,2026-05-12T13:11:58.625000Z,ARQUIVADO,Execução Fiscal,True
CTA-26529,DOS-31351,30077909320258190004,PIS_REC_001,Depósito Judicial,21011.62,ATIVO,6b3de1dcbb61b76ccac51f9c85a9f2d0d47593bef562babf44569617b287bd57,41f68b049486fe3fb906e9fbfd7b8c00f9101d8b4a1eb50e0aa22ef89f4bc94a,TJRJ,2026-05-12T13:12:10.642000Z,BAIXADO,Execução Fiscal,True
CTA-10766,DOS-46099,30090588520258190004,PIS_REC_002,Carta de Fiança,48035.34,EM_ANALISE,08ea9ac5f92ebaf69eae7f0f96ffc9f93dcf11b140ccb79903ae428ec87bb63e,668fc9dbf2be282238b2a36d9735bb5b96426f779c80acd140550f69f4694a43,TJRJ,2026-05-12T13:13:08.071000Z,EM_ANDAMENTO,Execução Fiscal,True
CTA-62780,DOS-35135,08246968020248190209,PIS_TRAB_004,Carta de Fiança,82626.27,ENCERRADO,d02345831b84f99cad37a48c0a33a111ec67ce4d337dac48e8c0f59f5ce9d266,272209c5db45071bd173bd6b74e5d1fb7e3e495aac612e81790d3f9c9d3de70f,TJRJ,2026-05-12T13:13:09.364000Z,EM_ANDAMENTO,Procedimento Comum Cível,True
CTA-12958,DOS-97754,30083901720258190004,PIS_CIVEL_003,Depósito Judicial,33790.68,PENDENTE,31ee92aaf91d36f85167522235296e1d1779b24cdd4a998f319cb3f1d657cbae,0681a15b207219102535ad1761f72cbfc5ce107ce202a8fa7e1ffbfa7518a2d6,TJRJ,2026-05-12T13:13:24.508000Z,ARQUIVADO,Execução Fiscal,True
CTA-94622,DOS-94352,30059479320258190004,PIS_REC_001,Depósito Judicial,6350.24,PENDENTE,057fb2bbd34cdf5f70672ab2342efcc107713270327721e51eea7e9e959d6b40,a3d5d59252b24bc8bd28bb5d0dcc9ac405ff6984c8764890e9b5e28ac7abd98f,TJRJ,2026-05-12T13:13:38.608000Z,ARQUIVADO,Execução Fiscal,True
CTA-15717,DOS-29012,10122784720268130105,PIS_TRAB_004,Depósito Judicial,105046.49,EM_ANALISE,452f0e13504d424caaba6ffc8d8a74555a6b5d40e9fc24939869a6f326d4bdc4,6405942e6ba2434f0ccaa034e9799e90cb493cdc227b94de8202e488daf37003,TJMG,2026-05-26T23:22:50.871000Z,ARQUIVADO,Procedimento Comum Cível,True
CTA-83513,DOS-29765,10123209620268130105,PIS_REC_001,Fiança Bancária,378498.78,ATIVO,42a73b48b25ddb03d16fc6a8051ce94b82a9a270c29c5bb4e0d2c4bee8c59a91,68d5513bf400fc8195afc89b4f1209c653de75f68cdbb1d285402d998a5403d0,TJMG,2026-05-26T23:22:50.871000Z,SUSPENSO,Procedimento Comum Cível,True
CTA-96192,DOS-43845,10063538020268130231,PIS_REC_001,Depósito Judicial,98723.03,EM_ANALISE,3ef9a16d1acb4f8be95106c53fb972c53b786e36416f1fa0cff3039bb067366f,41609d9590409db8dc765baf8d0903004e3ca56871f3132d1d0e66a98dee94f5,TJMG,2026-05-26T23:22:50.923000Z,BAIXADO,Execução Fiscal,True
CTA-47896,DOS-27235,10082759420268130672,PIS_TRAB_004,Fiança Bancária,302826.45,ATIVO,e7503d65eb97cfb527a6ceee1c30baf77f45dec83c5681d8f8820904ccf15d55,fb334a23423202bd30d581d41b38daa994ad774bb21d8dc6f47b527f992488a5,TJMG,2026-05-26T23:22:50.923000Z,ARQUIVADO,Procedimento Comum Cível,True
CTA-51960,DOS-10945,10002100720268130092,PIS_CIVEL_003,Carta de Fiança,37895.97,ENCERRADO,eacc24ac488cb2adb21df02314a18e3ccac557aee19a48e2de7ccdb27c16b786,c91cbdf433e03fed75f2746a2cb65edaefc583a66c9c5d876b3a419bd0f9bda6,TJMG,2026-05-26T23:22:50.937000Z,EM_ANDAMENTO,Procedimento Comum Cível,True
CTA-47084,DOS-33367,10053120820268130707,PIS_TRAB_004,Seguro Garantia,38624.47,EM_ANALISE,331b7e4c3d0654553b9e6e6b6e5ad4b204bef55cf08f52342853eed3b6e1dce5,7b0b26cf88e7635bab18e45e6674e8e46b591ed7b6c25a19c7a74b8049bef818,TJMG,2026-05-26T23:22:50.937000Z,EM_ANDAMENTO,Interdição/Curatela,True
CTA-27536,DOS-33784,10003702620268130191,PIS_REC_002,Carta de Fiança,148756.36,ATIVO,bc7dbabbafbad797ba1a6f949e277bd195d410b01f3a8ceb53ce3078e0dc1288,e0f7a80d4bb6796691942e7be0de6076e4a1aa4e74a3a940917615a5418f2372,TJMG,2026-05-26T23:22:50.938000Z,SUSPENSO,Procedimento do Juizado Especial Cível,True
CTA-53006,DOS-63907,10006585020268130392,PIS_CIVEL_003,Depósito Judicial,32416.68,ATIVO,58f7307d6db3f83d28c8908175ed043cd28af8ae4dff65b081fb69f4a0fe70b5,6ce4615e53391cc6b5d5a87247c8fc95987c776ecb4328f977bde7e8dbdbb85c,TJMG,2026-05-26T23:22:50.938000Z,ARQUIVADO,Procedimento do Juizado Especial da Fazenda Pública,True
CTA-72475,DOS-63629,10153396520268130702,PIS_REC_001,Seguro Garantia,242495.53,ATIVO,4a2d1bbb6538715e4935387b272c870507681c9440d03adee9b642ddf42ee87d,2b34eb05a20fdbcb2f05f25907fbe19bb2d5e3608266115ac2d08f596897e40b,TJMG,2026-05-26T23:30:06.097000Z,ARQUIVADO,Procedimento Comum Cível,True
CTA-98721,DOS-20500,11101288720258130024,PIS_TRAB_004,Depósito Judicial,38813.58,EM_ANALISE,905b215f654efc82bf7db12540035c8fd52c3b2833b0f1ec63f6bdf6d86b929d,6ad4137f7cb481e6faa5daf59aa05788eb7a414a8d78d810f0b2034f37d690e3,TJMG,2026-05-26T23:30:06.261000Z,BAIXADO,Procedimento Comum Cível,True
CTA-15864,DOS-46400,10007358320268130287,PIS_TRAB_004,Seguro Garantia,285044.23,ATIVO,675880e520701b92f7c32aa16a62c129c660dc853cf635f24bb327e7dc49a0e1,8ba905b4858d35084c7198310d2815fa06f5079d7d5c55ef826d318f62a50fbb,TJMG,2026-05-26T23:30:06.541000Z,ARQUIVADO,Execução Fiscal,True
CTA-18667,DOS-38919,10853891620268130024,PIS_TRAB_004,Carta de Fiança,63954.76,EM_ANALISE,6e03669a0acb3144ae92d995d80c640a6503565c2b3550dffb95979de027c570,67efe97d75feb5288e72842cb749919cce753669a5873fd1c43cca76a4ebf69f,TJMG,2026-05-26T23:30:06.634000Z,SUSPENSO,Procedimento Comum Cível,True
CTA-65188,DOS-75447,10008704020268130079,PIS_REC_002,Bloqueio Judicial,63854.9,PENDENTE,77a31beb46ac875ed9714d988a8784e869fb059e117428126ebe0cad7afce101,bcc352ff5fe3048661731b12108381eb6b26c41162eb4134cfc57456a2c2dacf,TJMG,2026-05-26T23:30:06.677000Z,EM_ANDAMENTO,Execução Fiscal,True
CTA-42464,DOS-27653,10829113520268130024,PIS_CIVEL_003,Depósito Judicial,58503.45,PENDENTE,590a5628a206582a95b5ab9a4c2a518cc0db71f84c48ce0399c12e520d19156a,af800a9d3c8312f83d607098341ccd409ca57621ea9043a3ed58780d920cf764,TJMG,2026-05-26T23:30:06.716000Z,BAIXADO,Procedimento Comum Cível,True
CTA-10908,DOS-40468,10838934920268130024,PIS_REC_001,Bloqueio Judicial,64331.57,EM_ANALISE,c850fba006decc2e9cee3eeaa0dc075543ba875adb93c0d3d2ac6abbe9a48b25,05fe6ba91dc5b094e1d23c04ebea9a042bbc48c867da997d55ce80a1ae7a2f5b,TJMG,2026-05-26T23:30:06.716000Z,EM_ANDAMENTO,Procedimento Comum Cível,True
CTA-94227,DOS-57195,10846651220268130024,PIS_REC_002,Bloqueio Judicial,73620.38,ENCERRADO,f606784fdaed2e2244e351ad6d94fe147bb0f99565e88972053e5387e30d4fa1,6f117d9135c43c037024e2ecaba8783ce95180c5b8fe5953cf10dc4e398b9895,TJMG,2026-05-26T23:30:06.717000Z,ARQUIVADO,Procedimento do Juizado Especial Cível,True
CTA-92195,DOS-64402,10849691120268130024,PIS_CIVEL_003,Seguro Garantia,65160.79,PENDENTE,b8f2463ea705fc9899f9457ef0176520541a695699207e97ee75329a3dd36a21,51410ab1b778362252a4ab9d459f41505c2be2e91b2fc1eb1d89d78a84f1c9d5,TJMG,2026-05-26T23:30:06.717000Z,ARQUIVADO,Procedimento do Juizado Especial Cível,True
CTA-92700,DOS-53656,10853051520268130024,PIS_CIVEL_003,Depósito Judicial,17451.2,EM_ANALISE,146192342b17eb94ec9176fd7186ad143ed3a91b7f87de2681ed62ad9c16da32,7f73b73805b11419e14935ebc810fbf69cca31801f21c3b1808a9d6ee585d70a,TJMG,2026-05-26T23:30:06.717000Z,ARQUIVADO,Procedimento do Juizado Especial Cível,True
CTA-20247,DOS-27023,10164934720268130079,PIS_REC_001,Bloqueio Judicial,61115.49,ATIVO,4daa463b39b42285fc3992c3bfc99061d6c7a574735d18825e809ea081a8acaf,38c68ea529803d040bd5de35d5b67e7c846f33e4f15c03643f1555454e3aacd4,TJMG,2026-05-26T23:30:06.828000Z,SUSPENSO,Procedimento do Juizado Especial Cível,True
CTA-71426,DOS-95867,10035123220268130290,PIS_REC_002,Carta de Fiança,116359.79,PENDENTE,09845899cf35e227e47c654c9a4142ef03714551ca142b88c02ec4680ac19b5c,8cf32421191a20cae72470360a79b2c057740412a09c59bd0f4e20715e8ac71b,TJMG,2026-05-26T23:30:06.828000Z,EM_ANDAMENTO,Procedimento do Juizado Especial Cível,True
CTA-51340,DOS-18165,50054416620258210024,PIS_REC_002,Seguro Garantia,296995.23,ATIVO,4376e0498028d2725842beade88cff1ed0fdf0cadb3ff69ba4341747515c70f1,643dafba1b2e8f4a162770e17c4f6b9a03014dcbc4e22d97006f6434d9234311,TJRS,2026-05-15T02:55:17.028000Z,EM_ANDAMENTO,Execução de Título Extrajudicial,True
CTA-34994,DOS-27200,50013036620198210024,PIS_REC_002,Seguro Garantia,113097.83,PENDENTE,e28c0855c16c355fc83eaecebb6cbe8c192ff0b3ba2e97c7379bfba163e5232f,6d788f9c3e394a175bc2792fb30600e7f98be5a15e64f1549cb24bd43c468a37,TJRS,2026-05-15T02:55:17.030000Z,BAIXADO,Execução Fiscal,True
CTA-53886,DOS-57477,50013576620188210024,PIS_TRAB_004,Fiança Bancária,257502.97,PENDENTE,87d6a61b28793683d787fb441b1655d758a7392e1cfd4e4c79e861b04a7925ba,5f56bbdc2a6fc945a2fc8f703bf7e7972467717f91941ddf54a80b7cec1c2583,TJRS,2026-05-15T02:55:17.032000Z,EM_ANDAMENTO,Ação Civil Pública,True
CTA-19679,DOS-36278,50013686620168210024,PIS_TRAB_004,Fiança Bancária,494873.76,PENDENTE,d93b38d1047f5a214d889e7998fcb2d91984e31350255e4e62801650ea44a79a,51cf9abf48ef0539af9ce04afec946292ca445561c245693820ae6dd720e0554,TJRS,2026-05-15T02:55:17.037000Z,EM_ANDAMENTO,Procedimento Comum Cível,True
CTA-62150,DOS-54264,50014006620198210024,PIS_REC_002,Depósito Judicial,41642.18,ENCERRADO,1be64526992a69a1f203b1b731e67522cf103fce2e3fbfbfb609b803aa14129e,aaf7cc22452d4307e66b137041d6e3bfd3decb107a4cbd9a66b76d3344454c3b,TJRS,2026-05-15T02:55:17.040000Z,BAIXADO,Execução Fiscal,True
CTA-80394,DOS-67592,50010736620158210023,PIS_REC_002,Carta de Fiança,41825.67,ATIVO,d8d462eb1f3feee72b811a2d40e1a27a39a181a6e1b85fb0bcd8ace2ef877dfb,993fd1e90106973cdedffbb922fc800e8779d893ac355a52bdd18919019f6aaf,TJRS,2026-05-15T02:55:17.100000Z,ARQUIVADO,Procedimento Comum Cível,True
CTA-58732,DOS-51078,50010946620208210023,PIS_REC_001,Seguro Garantia,102315.24,PENDENTE,8b4e0ef1e218d01133f04d912eae86552840baf6e2468ffe80ca0905e187e0e5,258dbcfd2e9b6a3ff926dc926b210acad920de28ba36c58c5063004e270bc5ae,TJRS,2026-05-15T02:55:17.101000Z,SUSPENSO,Embargos à Execução,True
CTA-37971,DOS-40630,50011376620218210023,PIS_REC_002,Bloqueio Judicial,69825.17,ATIVO,55baa6d1fbb9060cc886ce269f2bdc175b78d5da2a036b7e1bf877be155a6f63,e9b92b8888b3d859f43e177c4e8349cdad2974db129e6956ac0d14040d812b2d,TJRS,2026-05-15T02:55:17.103000Z,EM_ANDAMENTO,Procedimento Comum Cível,True
CTA-75535,DOS-70651,50011386620128210023,PIS_REC_001,Depósito Judicial,32581.33,ATIVO,eb9bd7bda0a812a051891d90e7e1493179762a0bb1790e01f465e1c09130fef8,fb578e9b1c773d636c8b0ab0d8f05c361f65a5a395fe7290bd67f1d05ac053af,TJRS,2026-05-15T02:55:17.111000Z,ARQUIVADO,Cumprimento de sentença,True
CTA-37232,DOS-11238,50011706620158210023,PIS_TRAB_004,Depósito Judicial,56897.66,ENCERRADO,8eb759a1b396d421d92344c6cf89849bf7952a1c87d9b58b516eb75a47eea148,d7e3cd6e25b19bb4b0aecf32ed86f312fa2748d5a74a399434d024c281eb2cdd,TJRS,2026-05-15T02:55:17.116000Z,BAIXADO,Cumprimento de sentença,True
CTA-84930,DOS-52252,50012126620258210023,PIS_REC_001,Seguro Garantia,78612.99,PENDENTE,08d1e3ea9fffd3431261a038fc2ff52987a578582259b00e8f59a17507099d4a,f1ce6b91d73a6810359788cbb85a08a2361447d7e7d739525b4b1d1bfa6f567a,TJRS,2026-05-15T02:55:17.125000Z,EM_ANDAMENTO,Habilitação de Crédito,True
CTA-15115,DOS-28428,50001046620068210023,PIS_CIVEL_003,Carta de Fiança,97716.16,EM_ANALISE,e8a8feceb7d18ede3dc3369a6820b8e9254bc355a13e8acca812496bd7a84dd1,33ab5d8bf9dd4f2209c066e8cba35f6fa09e49fa867c1dde4c6fdac2eac62cf7,TJRS,2026-05-15T02:55:17.127000Z,SUSPENSO,Cumprimento de sentença,True
CTA-71280,DOS-43664,50001146620138210023,PIS_TRAB_004,Seguro Garantia,249978.57,EM_ANALISE,57fa2e1c79b7fe82f6956e2ce052339fbb0feec0880fd3a30151ec3d0b23fb89,4c73bb17797314a92415b6b38d133106acac7537c4a52edb63dc54eafe2c0911,TJRS,2026-05-15T02:55:17.137000Z,BAIXADO,Cumprimento de sentença,True
CTA-83320,DOS-90603,50012466620108210023,PIS_TRAB_004,Seguro Garantia,277517.38,EM_ANALISE,89d274b2dd9ff2a4c27472497413d713e2fe2f10b2be955d4292de66cbab3a9a,1c2c66f8a6a02bd372c76bde3785d6847bd067617ece9fa7ff0ba014ed5d2897,TJRS,2026-05-15T02:55:17.138000Z,SUSPENSO,Execução Fiscal,True
CTA-53072,DOS-64804,50012676620158210023,PIS_CIVEL_003,Bloqueio Judicial,38473.65,PENDENTE,464e1bb81adbe5e46f5fbe0ce8b3c360f24eb5579b5f7e15e72a47af82e72faa,fe501cba99f676900f56a78e82cd510dc77d4be081cfbfd11367616a1b8f3e96,TJRS,2026-05-15T02:55:17.148000Z,ARQUIVADO,Execução de Título Extrajudicial,True
CTA-81836,DOS-66315,50001366620098210023,PIS_CIVEL_003,Seguro Garantia,176790.87,ENCERRADO,bc68fe3ca6d76c5dd25b52b57fd44a932913121369edcdc6c6c7634f732a67af,ada8f704fe4ed6ac784b141ba9e42428e19814d3863f9fc0597fbe57e3c5382d,TJRS,2026-05-15T02:55:17.149000Z,EM_ANDAMENTO,Cumprimento de sentença,True
CTA-46355,DOS-68062,50013106620168210023,PIS_REC_002,Seguro Garantia,175563.31,PENDENTE,9e8ab91e4ccda58edff016ab163f50f2ea8644ecc76a35ce0f66eca28643d9f7,0433761a486fba6bff515336944943bca33231cded02115a02386e36bf7faca1,TJRS,2026-05-15T02:55:17.155000Z,SUSPENSO,Execução Fiscal,True
CTA-93647,DOS-34829,50001476620078210023,PIS_TRAB_004,Fiança Bancária,380314.9,ENCERRADO,ef77ece440777c2f78fe9ca95022be77a24632f3cf5fa9dee5b2126cfbc87b2f,420400cc49232e535e04d639a6f7cdf508fe6740420fd54ffc35fd08aa75b45c,TJRS,2026-05-15T02:55:17.160000Z,BAIXADO,Cumprimento de sentença,True
CTA-82443,DOS-92944,50013526620268210023,PIS_REC_001,Carta de Fiança,31870.24,EM_ANALISE,f0d324ff8647a52304273c973704e0afcb9112b3bc84a16d7bd052373b9c70fc,65d4c19da196743c8ce69572356a7b25fee7adf3f297e363f6593f9619f49c1c,TJRS,2026-05-15T02:55:17.160000Z,ARQUIVADO,Execução Fiscal,True
CTA-59405,DOS-80198,50013636620248210023,PIS_CIVEL_003,Depósito Judicial,6989.78,EM_ANALISE,373f51ccb504bd5e77dcb9e29ff703442c6dd2870b42891e0f85dac01805ae92,2aafd94089480dedf58e96f0d15e3eacaa2cca206014121355df3720301ec4ab,TJRS,2026-05-15T02:55:17.161000Z,ARQUIVADO,Cumprimento de sentença,True
CTA-11318,DOS-27122,00052836620204036310,PIS_CIVEL_003,Carta de Fiança,87502.32,PENDENTE,2c5c20ffd0982f135f0dd730a62b51e8ee72b05b5be61097af9d39167eadc209,665941c14d3e92ac3570cf021fc78366c40764dc97fe0eebca8890ccd88d96e8,TRF3,2026-05-12T18:54:14.273000Z,SUSPENSO,Recurso Inominado Cível,True
CTA-58517,DOS-19528,00046346220204036323,PIS_CIVEL_003,Fiança Bancária,406765.55,PENDENTE,a02378f77952836fa299764f790c21e3b14665c32aea437de338e0634415a28c,ab77c68c727d293c673e29c03fd55ccf416dbd3cbea5cfe3110b0c5eab8120cf,TRF3,2026-05-12T18:54:14.273000Z,SUSPENSO,Recurso Inominado Cível,True
CTA-31402,DOS-32887,00118535320204036315,PIS_CIVEL_003,Carta de Fiança,36359.35,PENDENTE,0722f97a1e9926a3131ec6b03328fd186e496b747971eea50e50190dbc0cf9ce,209caca13198c88c21376ec8fc005245eded2444535df07d86eae461b545e1dc,TRF3,2026-05-12T18:54:14.273000Z,BAIXADO,Recurso Inominado Cível,True
CTA-23863,DOS-83080,50280659320214036100,PIS_REC_001,Bloqueio Judicial,42466.4,ENCERRADO,76726be5846820b445e33f6d63ead320f6d39e96530526be7cf08bce87b1a199,5924c2f9b5d82610e907c8096dabfee1265cf6e8198a2e58d5fc47b1e64a14dd,TRF3,2026-05-12T18:54:14.275000Z,SUSPENSO,Recurso Inominado Cível,True
CTA-74505,DOS-53609,50011616420214036317,PIS_TRAB_004,Fiança Bancária,358208.44,PENDENTE,0d950b9f598353f0d8882251ebbfed139c7ebe5b34d3ae2202d0b4482ee83148,f51aadc65b08c3ddd1487ee778de0bdf3e0865d400cca869ebbd2aed5e1708b1,TRF3,2026-05-12T18:54:14.276000Z,BAIXADO,Recurso Inominado Cível,True
CTA-12557,DOS-33298,00081182020214036301,PIS_REC_002,Fiança Bancária,372165.51,EM_ANALISE,343ba0475621f6c6979c64b7b03b377d87ebc4fce4e6e3e59a01d43a753152cf,98d0d1715cc84cfa8ecce8b9ecec857ac353d0a3df7b696bce450082c17f554b,TRF3,2026-05-12T18:54:14.276000Z,ARQUIVADO,Recurso Inominado Cível,True
CTA-99667,DOS-21043,50027878420224036317,PIS_TRAB_004,Seguro Garantia,62759.9,EM_ANALISE,df1d03ef5ff3ec69dec44377d980b55a12ae4551b2c08fe82c66027678c9b62a,b7d02eef07c5de2b09a508a142dee90ecf97ad05a38def652d27cc5ec15c4af2,TRF3,2026-05-12T18:54:14.276000Z,SUSPENSO,Recurso Inominado Cível,True
CTA-87192,DOS-35988,00072957420204036303,PIS_REC_001,Bloqueio Judicial,23543.62,EM_ANALISE,f6ae7cae1bf2c7cc0c5aca0356f04b8d71cc5ac3da6dd085b5851fced4b83f03,423c49b4d400e1935b5403e62fd9d40a587fd7d9a4b9c4e3421777ed35629072,TRF3,2026-05-12T18:54:14.277000Z,SUSPENSO,Recurso Inominado Cível,True
CTA-78449,DOS-93112,00009125820214036202,PIS_CIVEL_003,Fiança Bancária,495670.77,EM_ANALISE,27fb3f9f17a27385a190b6f45e8353330772ad469749adaf5f57a318360264c1,abfc91518b9be35883b233049b35edaeb653e4ab9c3bd95f6957d2f493e150bf,TRF3,2026-05-12T18:54:14.279000Z,SUSPENSO,Recurso Inominado Cível,True
CTA-72411,DOS-62105,00029422220194036304,PIS_REC_002,Seguro Garantia,245700.4,PENDENTE,ea125c56d26ee2c963c0b68ba9f63d515870798c5c0e19f3b04942c4b62f81a5,8d7191438a9dd87d37b1515c9eef07193b656ab9d72975968688722037333d09,TRF3,2026-05-12T18:54:14.281000Z,SUSPENSO,Recurso Inominado Cível,True
CTA-96899,DOS-78977,50008593420224036306,PIS_CIVEL_003,Bloqueio Judicial,64317.64,ENCERRADO,44695ba5c615ce964f8c0a960511e49f91b118ac60bd8c6fbdd5656887beaaf7,c082d8ec55d00e2ed65aab17079df2cdc57f4855afedd850acf3924319495be2,TRF3,2026-05-12T18:54:14.688000Z,SUSPENSO,Recurso Inominado Cível,True
CTA-44754,DOS-10441,50008361620214036309,PIS_REC_002,Fiança Bancária,92368.59,ATIVO,952cae27ae9510a11ed92ebb4173ad003cbd6cfae7fd060a97817224992d340f,95a1e6905543480a2fde7820c2fd76916cc0b28e320a2193e06151a037de1aad,TRF3,2026-05-12T18:54:14.690000Z,ARQUIVADO,Recurso Inominado Cível,True
CTA-90266,DOS-27391,50086678220204036105,PIS_CIVEL_003,Fiança Bancária,106050.04,PENDENTE,8f7eb3cf5721458fea1efc7b93e29dac6b2842f45f6e04181b42f19eb893a5ac,8ee0a4ffe4ff2031b128f4197258510743cf482611a588c9bc808305baca18af,TRF3,2026-05-12T18:54:14.691000Z,EM_ANDAMENTO,Recurso Inominado Cível,True
CTA-15254,DOS-72535,00019473420194036328,PIS_TRAB_004,Depósito Judicial,65898.51,EM_ANALISE,8f00e074b0811daef8d5bc9feb939c7cf7b8412486f1d684f5060f5ae7cbc779,b356ac2ce94dfce5516a349c2ecf7dea8fa480dae15c685767f22d757055cb5d,TRF3,2026-05-12T18:54:14.692000Z,ARQUIVADO,Recurso Inominado Cível,True
CTA-18905,DOS-44587,50014470820224036317,PIS_CIVEL_003,Carta de Fiança,91836.67,ATIVO,1144be3620cd3876b1bf7850309b4aa2bd3cbe3337c6eb5c561eaa551a1a0f8a,f1e48a684f3b3837d3d4c72854fc67a5211d6d80bf23fe442ca60077248e05fd,TRF3,2026-05-12T18:54:14.692000Z,ARQUIVADO,Recurso Inominado Cível,True
CTA-59308,DOS-29244,00022907220204036335,PIS_TRAB_004,Bloqueio Judicial,11865.34,EM_ANALISE,fe9b31884ce68525e9c80739439839b3bc1790e0bd15764182f248f56b3af685,9060e37b4d142babbcea78f0fc263eebd92548f3a772ab54cfd3719a5abb4d93,TRF3,2026-05-12T18:54:14.693000Z,SUSPENSO,Recurso Inominado Cível,True
CTA-99249,DOS-22341,00026406220214036323,PIS_CIVEL_003,Carta de Fiança,52948.75,ATIVO,41cf1227798fa196f9dc7ce51713bf9655ee2c00078a185411c838b4821c78eb,4ba24672f1112b88f6acbdde9001dda2ff06a82e622601dca0099ac6df0f7f1a,TRF3,2026-05-12T18:54:14.693000Z,SUSPENSO,Recurso Inominado Cível,True
CTA-55369,DOS-35547,50004246020224036306,PIS_REC_001,Bloqueio Judicial,30379.98,ENCERRADO,0b88a728d262614fc6b6808fbcc22a5a9df12a116728ea3696ac514abcd1f695,50d0dd3dd088e5c22cee2286a4f7a939a52a3d76f554c63b4daf2439c709d8a9,TRF3,2026-05-12T18:54:14.694000Z,EM_ANDAMENTO,Recurso Inominado Cível,True
CTA-57003,DOS-98166,50018383320224036326,PIS_REC_002,Depósito Judicial,116104.77,PENDENTE,e17697b0d006796ec5350b38ab85be4848bafaf7c67acffdabbe1fbbe5960442,f6e615629aac1de39b811e3a0e98ef77d0722bab3cd52b40ebc17d371ea83cb6,TRF3,2026-05-12T18:54:14.696000Z,ARQUIVADO,Recurso Inominado Cível,True
CTA-72327,DOS-57471,00380947220214036301,PIS_REC_001,Fiança Bancária,124273.21,ENCERRADO,e57df9173b1a637f85da7db28a92fd547801fbccadb5193e02a20f654d90112f,a0527e60039278b26deda6fc8cd4f81b0b24e2c31c4114c92807011c4831a095,TRF3,2026-05-12T18:54:14.697000Z,SUSPENSO,Recurso Inominado Cível,True
CTA-55330,DOS-70412,50379672020254047000,PIS_REC_002,Seguro Garantia,238884.63,PENDENTE,b84bf983621c96d2ee20716781d79cd2f637dadf31d2949d22e91a2ff9cf840d,3705ff8e9b9a1544c0d9fc6dc6086e9b046adcc0b57e098e2e623ff93069bd23,TRF4,2026-05-13T04:20:31.988000Z,ARQUIVADO,Execução Fiscal,True
CTA-17901,DOS-29527,50209584520254047000,PIS_REC_002,Carta de Fiança,79854.53,ENCERRADO,0ca851cfcc5695ed3ab5882eebabbe8df72242e5e12b887264664a2dda6d903f,a414a722e22e83e8fc5e59de77fcb4b44272db1559a6aa9f5085c96625ffb66b,TRF4,2026-05-13T04:20:32.126000Z,SUSPENSO,Embargos à Execução,True
CTA-66724,DOS-72439,50537437020194047000,PIS_REC_001,Carta de Fiança,121680.24,EM_ANALISE,84b2462f236de93e94124ad1528c53b61e33fe35b508b3055fe4dee35aa57d80,95c040ccf6cd21c1b47dae76dffcd12c1ad0f2d78e4468055052f0787ecce7d3,TRF4,2026-05-13T04:20:32.453000Z,SUSPENSO,Execução de Título Extrajudicial,True
CTA-29243,DOS-83284,50485430920244047000,PIS_REC_001,Seguro Garantia,191776.81,ENCERRADO,053835aac1ff7ef162674ba8cc8dd6a626c4a74bf7153c2a81160318c96a55af,ebb03749a96ecf577162b51fc89e5748bd08bd9f2f826388203104a5de8d6693,TRF4,2026-05-13T04:20:33.471000Z,BAIXADO,Cumprimento de sentença,True
CTA-14337,DOS-12886,50560100520254047000,PIS_CIVEL_003,Fiança Bancária,408394.98,PENDENTE,35177a6b7e4ffd3e02cf0ecebabfe551ff74033926d2df2013961260e5f207c4,acaa0da014cdde722d8e66fd92679f38d91da2c8260d3f8e7a383149ac328456,TRF4,2026-05-13T04:20:34.176000Z,SUSPENSO,Procedimento do Juizado Especial Cível,True
CTA-77894,DOS-29337,50382098620194047000,PIS_CIVEL_003,Fiança Bancária,158408.72,PENDENTE,150912a150239cf47e32c2c3e501d118de1333676c78a252f39fe7c1a96e734a,95daa5fd6f015ccaf54ab9de828236feb7458c088f6d01ecf2d60ec5c4473845,TRF4,2026-05-13T04:20:34.234000Z,SUSPENSO,Cumprimento de Sentença contra a Fazenda Pública,True
CTA-72170,DOS-41332,50355059020254047000,PIS_TRAB_004,Fiança Bancária,422538.67,ENCERRADO,1aa0e4236115795ce0783cf78ae0bcb7c2f2aadc6ed0748875a930e1d27e78cc,f0524e57d4550f02f38fdeb2559db351ff40a53d7a6b8cfa1e0f4a9046a74578,TRF4,2026-05-13T04:20:34.236000Z,SUSPENSO,Procedimento do Juizado Especial Cível,True
CTA-43489,DOS-43293,50376346820254047000,PIS_REC_001,Seguro Garantia,107924.64,PENDENTE,8320ce39bd604f159fd130122685269e1fb1897f642d112807e682490f309426,2ea644226dca8692fa76ae8187cda609f2c9da77efc3faf87717d8cd5af2f7d0,TRF4,2026-05-13T04:20:34.298000Z,BAIXADO,Procedimento do Juizado Especial Cível,True
CTA-13454,DOS-69524,50030259120234047012,PIS_TRAB_004,Seguro Garantia,76952.22,ATIVO,c710dffeff648ac8b0ec51217f6786913173bba540e7676707721bef7485589a,d16cb2f119f66d5615a06206f8bce3c55df5c92b6fcd68bd908a56263d8d5812,TRF4,2026-05-13T04:20:35.172000Z,BAIXADO,Procedimento Comum Cível,True
CTA-75595,DOS-41374,50302473620244047000,PIS_REC_002,Depósito Judicial,31315.04,ENCERRADO,aa766eeacb1624fa5c2ed27166b4554fd9e653b6d92d382e31640b4c5b583702,2d8ab3a8d3840de36d8cadd81162df671136761283a8673d2fbe5fee1eee658a,TRF4,2026-05-13T04:20:35.602000Z,ARQUIVADO,Procedimento do Juizado Especial Cível,True
CTA-64376,DOS-35294,50430329320254047000,PIS_CIVEL_003,Carta de Fiança,43214.04,ENCERRADO,08c57c5397b93dffdf1f4713edf74ef42cc06e9a47f22022e8a06f28e2191cad,0112fbcd02e012bddcf9b39cb6aea8cc7ddf057a09f6527a03aeef4a71d185ef,TRF4,2026-05-13T04:20:36.219000Z,EM_ANDAMENTO,Procedimento do Juizado Especial Cível,True
CTA-48398,DOS-33573,50268000620254047000,PIS_REC_001,Seguro Garantia,289048.22,ENCERRADO,efd81cd26df5a4ef5671fb266ab42733522a5bcac9672449b7c476c555c88d47,a2858d7293e58fd81ccd6c52f9b76866f52bf512ca1b883f200de9e8b48a9c82,TRF4,2026-05-13T04:20:36.720000Z,EM_ANDAMENTO,Procedimento do Juizado Especial Cível,True
CTA-65462,DOS-21304,50134437120164047000,PIS_REC_001,Fiança Bancária,410913.04,EM_ANALISE,eb4998bdd9edebba6d8e1e1b7028eeaec4cf665799be4326c16c16fde0533c41,8c30435bba963089e27d7fccb039642961129229c9d5437a5277711e7048af50,TRF4,2026-05-13T04:20:37.129000Z,BAIXADO,Execução de Título Extrajudicial,True
CTA-24624,DOS-15193,50443331720214047000,PIS_REC_002,Carta de Fiança,84035.44,ENCERRADO,9ccb3e6dc8b5b9e8e4133edc89d981dffe135d1929a304a568dadca8cd66e4fe,06968b76804020b501fe34a11f9265a4d2be37cdb32ebebf274180476cca1b40,TRF4,2026-05-13T04:20:38.480000Z,SUSPENSO,Tutela Antecipada Antecedente,True
CTA-96291,DOS-87409,50153653720224047001,PIS_REC_001,Fiança Bancária,281294.55,ENCERRADO,0357b8c78832505eb49e205f33bd62255a9cfd9e9041b3ee6b72389028fb3f28,a3e8b9b633aabdc95d8d40b407adfa5a99b9b533f437adb3b4eb3f37dcaad3bd,TRF4,2026-05-13T04:20:38.824000Z,BAIXADO,Embargos à Execução Fiscal,True
CTA-11591,DOS-78458,50028107920224047003,PIS_REC_002,Bloqueio Judicial,27716.58,ATIVO,22973b919dcd684bd3d5e690381dbcee1df53ed36cff7874b800b3c22dffd419,9701a442ae1e20cca3710326396c6b558f85b262d6612967d6b4abf2aea10474,TRF4,2026-05-13T04:20:39.110000Z,EM_ANDAMENTO,Ação Penal - Procedimento Ordinário,True
CTA-61828,DOS-69134,50152106620244047000,PIS_REC_002,Depósito Judicial,88376.32,PENDENTE,f5d8e09ea53f037ff5302d2aef7f39d33cbb50a4598415d53934fb529bab1206,6a31154f95e2c098c7e288173de4020160d8077dd080518162d2f743f256a5ab,TRF4,2026-05-13T04:20:39.824000Z,BAIXADO,Procedimento do Juizado Especial Cível,True
CTA-15196,DOS-91968,50107881120254047001,PIS_CIVEL_003,Bloqueio Judicial,12656.88,EM_ANALISE,0d800ee6a7f4931524d602a11201dc23c143ff00f9b467dc0fa0352214bcd5f8,e95b8bc6beab726bc7de05052316a1f28596244dd096db1a92aae5d27f203108,TRF4,2026-05-13T04:20:42.719000Z,SUSPENSO,Procedimento Comum Cível,True
CTA-94106,DOS-85927,50452551920254047000,PIS_REC_002,Fiança Bancária,466189.24,PENDENTE,29a13001a80b1741646799d53666e232f384bf7bcbbfbe02155f909156c057b0,18fb8d6e70599cbbc235a7e6308056609c56debb3a4560de4b891a0231ba2409,TRF4,2026-05-13T04:20:43.553000Z,SUSPENSO,Procedimento Comum Cível,True
CTA-76413,DOS-97353,50198384520174047000,PIS_REC_002,Fiança Bancária,178961.76,EM_ANALISE,418995ef11fe2ed7f2a4311640a7c67425de8586bda381e387f42d781f1b2f8c,ad03ef6f8fd3af50fd37c9cd5f4b31e2ebb61769914c43f6449f15d5bc2f7f30,TRF4,2026-05-13T04:20:43.866000Z,BAIXADO,Execução de Título Extrajudicial,True
