Numero_Processo,Tribunal,Data_Atualizacao,Status,Classe_Processual
40001014320268260103,TJSP,2026-04-28T01:52:34.339000Z,EM_ANDAMENTO,Carta Precatória Cível
40028247820268260606,TJSP,2026-04-28T01:52:34.457000Z,EM_ANDAMENTO,Procedimento do Juizado Especial Cível
40055122920258260224,TJSP,2026-04-28T01:52:34.681000Z,SUSPENSO,Petição Cível
00003822420228260486,TJSP,2026-04-28T01:52:34.738000Z,ARQUIVADO,Cumprimento de sentença
40031554520268260223,TJSP,2026-04-28T01:52:34.798000Z,ARQUIVADO,Reclamação Pré-processual
40500305420268260100,TJSP,2026-04-28T01:52:34.846000Z,BAIXADO,Procedimento Comum Cível
40026826420258260362,TJSP,2026-04-28T01:52:34.927000Z,SUSPENSO,Procedimento do Juizado Especial Cível
40002505620258260529,TJSP,2026-04-28T01:52:35.084000Z,ARQUIVADO,Procedimento do Juizado Especial Cível
40223226620258260002,TJSP,2026-04-28T01:52:35.192000Z,BAIXADO,Monitória
40060436420268260068,TJSP,2026-04-28T01:52:35.357000Z,EM_ANDAMENTO,Cumprimento de sentença
40022159220268260510,TJSP,2026-04-28T01:52:35.485000Z,BAIXADO,Embargos à Execução
40229640520268260002,TJSP,2026-04-28T01:52:35.617000Z,ARQUIVADO,Procedimento do Juizado Especial Cível
40500374620268260100,TJSP,2026-04-28T01:52:35.621000Z,SUSPENSO,Procedimento Comum Cível
40005138320268260099,TJSP,2026-04-28T01:52:35.947000Z,EM_ANDAMENTO,Procedimento Comum Cível
40229684220268260002,TJSP,2026-04-28T01:52:36.057000Z,ARQUIVADO,Procedimento do Juizado Especial Cível
40008989320258260510,TJSP,2026-04-28T01:52:36.167000Z,BAIXADO,Procedimento do Juizado Especial Cível
40448300620258260002,TJSP,2026-04-28T01:52:36.172000Z,ARQUIVADO,Procedimento Comum Cível
40093489420258260002,TJSP,2026-04-28T01:52:36.372000Z,BAIXADO,Procedimento Comum Cível
40016829620258260663,TJSP,2026-04-28T01:52:36.375000Z,EM_ANDAMENTO,Procedimento do Juizado Especial Cível
00029279120258260347,TJSP,2026-04-28T01:52:36.409000Z,EM_ANDAMENTO,Cumprimento de sentença
30049103120258190004,TJRJ,2026-05-12T13:08:33.665000Z,EM_ANDAMENTO,Execução Fiscal
30050169020258190004,TJRJ,2026-05-12T13:08:36.403000Z,EM_ANDAMENTO,Execução Fiscal
30001642320258190004,TJRJ,2026-05-12T13:08:42.396000Z,BAIXADO,Execução Fiscal
30002785920258190004,TJRJ,2026-05-12T13:08:47.033000Z,BAIXADO,Execução Fiscal
30006848020258190004,TJRJ,2026-05-12T13:08:54.661000Z,EM_ANDAMENTO,Execução Fiscal
30010857920258190004,TJRJ,2026-05-12T13:09:00.815000Z,ARQUIVADO,Execução Fiscal
30015395920258190004,TJRJ,2026-05-12T13:09:45.901000Z,ARQUIVADO,Execução Fiscal
30016807820258190004,TJRJ,2026-05-12T13:09:53.093000Z,SUSPENSO,Execução Fiscal
30032162720258190004,TJRJ,2026-05-12T13:09:57.650000Z,EM_ANDAMENTO,Execução Fiscal
30066381020258190004,TJRJ,2026-05-12T13:09:59.724000Z,SUSPENSO,Execução Fiscal
08192795420258190002,TJRJ,2026-05-12T13:10:29.968000Z,ARQUIVADO,Procedimento Comum Cível
30040919420258190004,TJRJ,2026-05-12T13:11:00.872000Z,ARQUIVADO,Execução Fiscal
30052801020258190004,TJRJ,2026-05-12T13:11:14.019000Z,EM_ANDAMENTO,Execução Fiscal
30055876120258190004,TJRJ,2026-05-12T13:11:25.987000Z,BAIXADO,Execução Fiscal
30078194620258190004,TJRJ,2026-05-12T13:11:58.625000Z,ARQUIVADO,Execução Fiscal
30077909320258190004,TJRJ,2026-05-12T13:12:10.642000Z,BAIXADO,Execução Fiscal
30090588520258190004,TJRJ,2026-05-12T13:13:08.071000Z,EM_ANDAMENTO,Execução Fiscal
08246968020248190209,TJRJ,2026-05-12T13:13:09.364000Z,EM_ANDAMENTO,Procedimento Comum Cível
30083901720258190004,TJRJ,2026-05-12T13:13:24.508000Z,ARQUIVADO,Execução Fiscal
30059479320258190004,TJRJ,2026-05-12T13:13:38.608000Z,ARQUIVADO,Execução Fiscal
10122784720268130105,TJMG,2026-05-26T23:22:50.871000Z,ARQUIVADO,Procedimento Comum Cível
10123209620268130105,TJMG,2026-05-26T23:22:50.871000Z,SUSPENSO,Procedimento Comum Cível
10063538020268130231,TJMG,2026-05-26T23:22:50.923000Z,BAIXADO,Execução Fiscal
10082759420268130672,TJMG,2026-05-26T23:22:50.923000Z,ARQUIVADO,Procedimento Comum Cível
10002100720268130092,TJMG,2026-05-26T23:22:50.937000Z,EM_ANDAMENTO,Procedimento Comum Cível
10053120820268130707,TJMG,2026-05-26T23:22:50.937000Z,EM_ANDAMENTO,Interdição/Curatela
10003702620268130191,TJMG,2026-05-26T23:22:50.938000Z,SUSPENSO,Procedimento do Juizado Especial Cível
10006585020268130392,TJMG,2026-05-26T23:22:50.938000Z,ARQUIVADO,Procedimento do Juizado Especial da Fazenda Pública
10153396520268130702,TJMG,2026-05-26T23:30:06.097000Z,ARQUIVADO,Procedimento Comum Cível
11101288720258130024,TJMG,2026-05-26T23:30:06.261000Z,BAIXADO,Procedimento Comum Cível
10007358320268130287,TJMG,2026-05-26T23:30:06.541000Z,ARQUIVADO,Execução Fiscal
10853891620268130024,TJMG,2026-05-26T23:30:06.634000Z,SUSPENSO,Procedimento Comum Cível
10008704020268130079,TJMG,2026-05-26T23:30:06.677000Z,EM_ANDAMENTO,Execução Fiscal
10829113520268130024,TJMG,2026-05-26T23:30:06.716000Z,BAIXADO,Procedimento Comum Cível
10838934920268130024,TJMG,2026-05-26T23:30:06.716000Z,EM_ANDAMENTO,Procedimento Comum Cível
10846651220268130024,TJMG,2026-05-26T23:30:06.717000Z,ARQUIVADO,Procedimento do Juizado Especial Cível
10849691120268130024,TJMG,2026-05-26T23:30:06.717000Z,ARQUIVADO,Procedimento do Juizado Especial Cível
10853051520268130024,TJMG,2026-05-26T23:30:06.717000Z,ARQUIVADO,Procedimento do Juizado Especial Cível
10164934720268130079,TJMG,2026-05-26T23:30:06.828000Z,SUSPENSO,Procedimento do Juizado Especial Cível
10035123220268130290,TJMG,2026-05-26T23:30:06.828000Z,EM_ANDAMENTO,Procedimento do Juizado Especial Cível
50054416620258210024,TJRS,2026-05-15T02:55:17.028000Z,EM_ANDAMENTO,Execução de Título Extrajudicial
50013036620198210024,TJRS,2026-05-15T02:55:17.030000Z,BAIXADO,Execução Fiscal
50013576620188210024,TJRS,2026-05-15T02:55:17.032000Z,EM_ANDAMENTO,Ação Civil Pública
50013686620168210024,TJRS,2026-05-15T02:55:17.037000Z,EM_ANDAMENTO,Procedimento Comum Cível
50014006620198210024,TJRS,2026-05-15T02:55:17.040000Z,BAIXADO,Execução Fiscal
50010736620158210023,TJRS,2026-05-15T02:55:17.100000Z,ARQUIVADO,Procedimento Comum Cível
50010946620208210023,TJRS,2026-05-15T02:55:17.101000Z,SUSPENSO,Embargos à Execução
50011376620218210023,TJRS,2026-05-15T02:55:17.103000Z,EM_ANDAMENTO,Procedimento Comum Cível
50011386620128210023,TJRS,2026-05-15T02:55:17.111000Z,ARQUIVADO,Cumprimento de sentença
50011706620158210023,TJRS,2026-05-15T02:55:17.116000Z,BAIXADO,Cumprimento de sentença
50012126620258210023,TJRS,2026-05-15T02:55:17.125000Z,EM_ANDAMENTO,Habilitação de Crédito
50001046620068210023,TJRS,2026-05-15T02:55:17.127000Z,SUSPENSO,Cumprimento de sentença
50001146620138210023,TJRS,2026-05-15T02:55:17.137000Z,BAIXADO,Cumprimento de sentença
50012466620108210023,TJRS,2026-05-15T02:55:17.138000Z,SUSPENSO,Execução Fiscal
50012676620158210023,TJRS,2026-05-15T02:55:17.148000Z,ARQUIVADO,Execução de Título Extrajudicial
50001366620098210023,TJRS,2026-05-15T02:55:17.149000Z,EM_ANDAMENTO,Cumprimento de sentença
50013106620168210023,TJRS,2026-05-15T02:55:17.155000Z,SUSPENSO,Execução Fiscal
50001476620078210023,TJRS,2026-05-15T02:55:17.160000Z,BAIXADO,Cumprimento de sentença
50013526620268210023,TJRS,2026-05-15T02:55:17.160000Z,ARQUIVADO,Execução Fiscal
50013636620248210023,TJRS,2026-05-15T02:55:17.161000Z,ARQUIVADO,Cumprimento de sentença
00052836620204036310,TRF3,2026-05-12T18:54:14.273000Z,SUSPENSO,Recurso Inominado Cível
00046346220204036323,TRF3,2026-05-12T18:54:14.273000Z,SUSPENSO,Recurso Inominado Cível
00118535320204036315,TRF3,2026-05-12T18:54:14.273000Z,BAIXADO,Recurso Inominado Cível
50280659320214036100,TRF3,2026-05-12T18:54:14.275000Z,SUSPENSO,Recurso Inominado Cível
50011616420214036317,TRF3,2026-05-12T18:54:14.276000Z,BAIXADO,Recurso Inominado Cível
00081182020214036301,TRF3,2026-05-12T18:54:14.276000Z,ARQUIVADO,Recurso Inominado Cível
50027878420224036317,TRF3,2026-05-12T18:54:14.276000Z,SUSPENSO,Recurso Inominado Cível
00072957420204036303,TRF3,2026-05-12T18:54:14.277000Z,SUSPENSO,Recurso Inominado Cível
00009125820214036202,TRF3,2026-05-12T18:54:14.279000Z,SUSPENSO,Recurso Inominado Cível
00029422220194036304,TRF3,2026-05-12T18:54:14.281000Z,SUSPENSO,Recurso Inominado Cível
50008593420224036306,TRF3,2026-05-12T18:54:14.688000Z,SUSPENSO,Recurso Inominado Cível
50008361620214036309,TRF3,2026-05-12T18:54:14.690000Z,ARQUIVADO,Recurso Inominado Cível
50086678220204036105,TRF3,2026-05-12T18:54:14.691000Z,EM_ANDAMENTO,Recurso Inominado Cível
00019473420194036328,TRF3,2026-05-12T18:54:14.692000Z,ARQUIVADO,Recurso Inominado Cível
50014470820224036317,TRF3,2026-05-12T18:54:14.692000Z,ARQUIVADO,Recurso Inominado Cível
00022907220204036335,TRF3,2026-05-12T18:54:14.693000Z,SUSPENSO,Recurso Inominado Cível
00026406220214036323,TRF3,2026-05-12T18:54:14.693000Z,SUSPENSO,Recurso Inominado Cível
50004246020224036306,TRF3,2026-05-12T18:54:14.694000Z,EM_ANDAMENTO,Recurso Inominado Cível
50018383320224036326,TRF3,2026-05-12T18:54:14.696000Z,ARQUIVADO,Recurso Inominado Cível
00380947220214036301,TRF3,2026-05-12T18:54:14.697000Z,SUSPENSO,Recurso Inominado Cível
50379672020254047000,TRF4,2026-05-13T04:20:31.988000Z,ARQUIVADO,Execução Fiscal
50209584520254047000,TRF4,2026-05-13T04:20:32.126000Z,SUSPENSO,Embargos à Execução
50537437020194047000,TRF4,2026-05-13T04:20:32.453000Z,SUSPENSO,Execução de Título Extrajudicial
50485430920244047000,TRF4,2026-05-13T04:20:33.471000Z,BAIXADO,Cumprimento de sentença
50560100520254047000,TRF4,2026-05-13T04:20:34.176000Z,SUSPENSO,Procedimento do Juizado Especial Cível
50382098620194047000,TRF4,2026-05-13T04:20:34.234000Z,SUSPENSO,Cumprimento de Sentença contra a Fazenda Pública
50355059020254047000,TRF4,2026-05-13T04:20:34.236000Z,SUSPENSO,Procedimento do Juizado Especial Cível
50376346820254047000,TRF4,2026-05-13T04:20:34.298000Z,BAIXADO,Procedimento do Juizado Especial Cível
50030259120234047012,TRF4,2026-05-13T04:20:35.172000Z,BAIXADO,Procedimento Comum Cível
50302473620244047000,TRF4,2026-05-13T04:20:35.602000Z,ARQUIVADO,Procedimento do Juizado Especial Cível
50430329320254047000,TRF4,2026-05-13T04:20:36.219000Z,EM_ANDAMENTO,Procedimento do Juizado Especial Cível
50268000620254047000,TRF4,2026-05-13T04:20:36.720000Z,EM_ANDAMENTO,Procedimento do Juizado Especial Cível
50134437120164047000,TRF4,2026-05-13T04:20:37.129000Z,BAIXADO,Execução de Título Extrajudicial
50443331720214047000,TRF4,2026-05-13T04:20:38.480000Z,SUSPENSO,Tutela Antecipada Antecedente
50153653720224047001,TRF4,2026-05-13T04:20:38.824000Z,BAIXADO,Embargos à Execução Fiscal
50028107920224047003,TRF4,2026-05-13T04:20:39.110000Z,EM_ANDAMENTO,Ação Penal - Procedimento Ordinário
50152106620244047000,TRF4,2026-05-13T04:20:39.824000Z,BAIXADO,Procedimento do Juizado Especial Cível
50107881120254047001,TRF4,2026-05-13T04:20:42.719000Z,SUSPENSO,Procedimento Comum Cível
50452551920254047000,TRF4,2026-05-13T04:20:43.553000Z,SUSPENSO,Procedimento Comum Cível
50198384520174047000,TRF4,2026-05-13T04:20:43.866000Z,BAIXADO,Execução de Título Extrajudicial
